PilotID,FirstName,LastName,LicenseNumber,LicenseCountry,ExperienceYears,Rank,Email
1,John,Smith,P-001,USA,15,Captain,john.smith@example.com
2,Alice,Johnson,P-002,UK,10,First Officer,alice.j@example.co.uk
3,Hiroshi,Tanaka,P-003,Japan,12,Captain,hiroshi.t@example.jp
4,Carlos,Gonzalez,P-004,Spain,9,First Officer,carlos.g@example.es
5,Maria,Silva,P-005,Brazil,11,Captain,maria.s@example.br
6,David,Lee,P-006,Australia,13,Captain,d.lee@example.au
7,Ahmed,Khan,P-007,UAE,8,First Officer,ahmed.k@example.ae
8,Sophie,Martin,P-008,France,14,Captain,sophie.m@example.fr
9,Ethan,Brown,P-009,Canada,7,First Officer,ethan.b@example.ca
10,Priya,Patel,P-010,India,10,First Officer,priya.p@example.in
11,Laura,Adams,P-011,USA,5,First Officer,laura.a@example.com
12,Thomas,Müller,P-012,Germany,16,Captain,thomas.m@example.de
13,Isabelle,Dubois,P-013,France,9,First Officer,isabelle.d@example.fr
14,Rajesh,Singh,P-014,India,14,Captain,rajesh.s@example.in
15,Kevin,Wilson,P-015,UK,11,First Officer,kevin.w@example.co.uk
16,Olivia,Martinez,P-016,Spain,6,First Officer,olivia.m@example.es
17,Michael,Chen,P-017,Australia,13,Captain,michael.c@example.au
18,Fatima,Al-Sayed,P-018,UAE,10,Captain,fatima.a@example.ae
19,Daniel,Roberts,P-019,Canada,8,First Officer,daniel.r@example.ca
20,Chloe,Taylor,P-020,USA,12,Captain,chloe.t@example.com
